/*
Navicat MySQL Data Transfer

Source Server         : lampp
Source Server Version : 50625
Source Host           : localhost:3306
Source Database       : contest

Target Server Type    : MYSQL
Target Server Version : 50625
File Encoding         : 65001

Date: 2015-12-13 21:24:56
*/

SET FOREIGN_KEY_CHECKS=0;

-- ----------------------------
-- Table structure for `admin`
-- ----------------------------
DROP TABLE IF EXISTS `admin`;
CREATE TABLE `admin` (
  `admin_id` int(10) unsigned NOT NULL AUTO_INCREMENT,
  `admin_user` varchar(255) COLLATE utf8_unicode_ci NOT NULL,
  `admin_pass` varchar(255) COLLATE utf8_unicode_ci NOT NULL,
  `admin_name` varchar(255) COLLATE utf8_unicode_ci NOT NULL,
  `admin_email` varchar(255) COLLATE utf8_unicode_ci NOT NULL,
  `admin_phone` varchar(30) COLLATE utf8_unicode_ci DEFAULT NULL,
  PRIMARY KEY (`admin_id`,`admin_user`,`admin_email`)
) ENGINE=InnoDB AUTO_INCREMENT=2 DEFAULT CHARSET=utf8 COLLATE=utf8_unicode_ci;

-- ----------------------------
-- Records of admin
-- ----------------------------
INSERT INTO `admin` VALUES ('1', 'admin', '21232f297a57a5a743894a0e4a801fc3', 'Open Judge Admin', 'sample@example.com', null);

-- ----------------------------
-- Table structure for `bulk_user_package`
-- ----------------------------
DROP TABLE IF EXISTS `bulk_user_package`;
CREATE TABLE `bulk_user_package` (
  `bulk_user_package_id` int(10) unsigned NOT NULL AUTO_INCREMENT,
  `bulk_user_package_name` varchar(255) COLLATE utf8_unicode_ci NOT NULL,
  `contest_id` int(10) unsigned NOT NULL,
  PRIMARY KEY (`bulk_user_package_id`),
  KEY `bulkuser_cont_FK1` (`contest_id`),
  CONSTRAINT `bulkuser_cont_FK1` FOREIGN KEY (`contest_id`) REFERENCES `contest` (`contest_id`) ON DELETE CASCADE ON UPDATE CASCADE
) ENGINE=InnoDB DEFAULT CHARSET=utf8 COLLATE=utf8_unicode_ci;

-- ----------------------------
-- Records of bulk_user_package
-- ----------------------------

-- ----------------------------
-- Table structure for `bulk_user_rel`
-- ----------------------------
DROP TABLE IF EXISTS `bulk_user_rel`;
CREATE TABLE `bulk_user_rel` (
  `bulk_user_rel_id` int(10) unsigned NOT NULL AUTO_INCREMENT,
  `user_id` int(10) unsigned NOT NULL,
  `bulk_user_package_id` int(10) unsigned NOT NULL,
  PRIMARY KEY (`bulk_user_rel_id`),
  KEY `bulk_rel_bulk_FK1` (`bulk_user_package_id`),
  KEY `bul_rel_user_FK2` (`user_id`),
  CONSTRAINT `bul_rel_user_FK2` FOREIGN KEY (`user_id`) REFERENCES `user` (`user_id`) ON DELETE CASCADE ON UPDATE CASCADE,
  CONSTRAINT `bulk_rel_bulk_FK1` FOREIGN KEY (`bulk_user_package_id`) REFERENCES `bulk_user_package` (`bulk_user_package_id`) ON DELETE CASCADE ON UPDATE CASCADE
) ENGINE=InnoDB DEFAULT CHARSET=utf8 COLLATE=utf8_unicode_ci;

-- ----------------------------
-- Records of bulk_user_rel
-- ----------------------------

-- ----------------------------
-- Table structure for `category`
-- ----------------------------
DROP TABLE IF EXISTS `category`;
CREATE TABLE `category` (
  `category_id` int(10) unsigned NOT NULL AUTO_INCREMENT,
  `category_name` varchar(100) COLLATE utf8_unicode_ci NOT NULL,
  PRIMARY KEY (`category_id`)
) ENGINE=InnoDB AUTO_INCREMENT=11 DEFAULT CHARSET=utf8 COLLATE=utf8_unicode_ci;

-- ----------------------------
-- Records of category
-- ----------------------------
INSERT INTO `category` VALUES ('1', 'geometry');
INSERT INTO `category` VALUES ('2', 'greedy');
INSERT INTO `category` VALUES ('3', 'dp');
INSERT INTO `category` VALUES ('4', 'implementation');
INSERT INTO `category` VALUES ('5', 'math');
INSERT INTO `category` VALUES ('6', 'ds');
INSERT INTO `category` VALUES ('7', 'graph');
INSERT INTO `category` VALUES ('8', 'number theory');
INSERT INTO `category` VALUES ('9', 'game theory');
INSERT INTO `category` VALUES ('10', 'string');

-- ----------------------------
-- Table structure for `clarification`
-- ----------------------------
DROP TABLE IF EXISTS `clarification`;
CREATE TABLE `clarification` (
  `clarification_id` int(10) unsigned NOT NULL AUTO_INCREMENT,
  `clarification_question` varchar(255) COLLATE utf8_unicode_ci NOT NULL,
  `clarification_reply` varchar(255) COLLATE utf8_unicode_ci DEFAULT NULL,
  `clarification_status` tinyint(2) NOT NULL DEFAULT '1',
  `clarification_time` datetime NOT NULL,
  `contest_id` int(10) unsigned NOT NULL,
  `user_id` int(10) unsigned NOT NULL,
  `judge_id` int(10) unsigned NOT NULL,
  `problem_id` int(10) unsigned DEFAULT NULL,
  PRIMARY KEY (`clarification_id`),
  KEY `clar_user_FK1` (`user_id`),
  KEY `clar_judge_FK2` (`judge_id`),
  KEY `clar_prob_FK3` (`problem_id`),
  KEY `clar_cont_FK4` (`contest_id`),
  CONSTRAINT `clar_cont_FK4` FOREIGN KEY (`contest_id`) REFERENCES `contest` (`contest_id`) ON DELETE CASCADE ON UPDATE CASCADE,
  CONSTRAINT `clar_judge_FK2` FOREIGN KEY (`judge_id`) REFERENCES `judge` (`judge_id`) ON DELETE CASCADE ON UPDATE CASCADE,
  CONSTRAINT `clar_prob_FK3` FOREIGN KEY (`problem_id`) REFERENCES `problem` (`problem_id`) ON DELETE CASCADE ON UPDATE CASCADE,
  CONSTRAINT `clar_user_FK1` FOREIGN KEY (`user_id`) REFERENCES `user` (`user_id`) ON DELETE CASCADE ON UPDATE CASCADE
) ENGINE=InnoDB DEFAULT CHARSET=utf8 COLLATE=utf8_unicode_ci;

-- ----------------------------
-- Records of clarification
-- ----------------------------

-- ----------------------------
-- Table structure for `contest`
-- ----------------------------
DROP TABLE IF EXISTS `contest`;
CREATE TABLE `contest` (
  `contest_id` int(10) unsigned NOT NULL AUTO_INCREMENT,
  `contest_name` varchar(255) COLLATE utf8_unicode_ci NOT NULL,
  `contest_type` tinyint(2) NOT NULL DEFAULT '0',
  `contest_pass` varchar(255) COLLATE utf8_unicode_ci DEFAULT NULL,
  `contest_start` datetime NOT NULL,
  `contest_end` datetime NOT NULL,
  `contest_status` tinyint(2) DEFAULT '-1',
  PRIMARY KEY (`contest_id`)
) ENGINE=InnoDB AUTO_INCREMENT=9 DEFAULT CHARSET=utf8 COLLATE=utf8_unicode_ci;

-- ----------------------------
-- Records of contest
-- ----------------------------
INSERT INTO `contest` VALUES ('1', 'SUST IUPC 2015', '1', 'admin', '2015-11-28 09:00:00', '2015-11-28 14:00:00', '2');
INSERT INTO `contest` VALUES ('2', 'IUT IUPC 2016', '0', '', '2015-12-13 07:57:00', '2015-12-30 21:30:00', '1');
INSERT INTO `contest` VALUES ('3', 'IST Internal Programming Contest 2015', '1', 'admin', '2015-11-24 21:42:00', '2015-11-28 21:42:00', '2');
INSERT INTO `contest` VALUES ('4', 'pcIST Beginners Contest', '0', null, '2015-11-24 22:16:00', '2015-11-28 22:16:00', '2');
INSERT INTO `contest` VALUES ('5', 'Desktop Contest', '1', 'amarpc', '2015-12-07 03:39:00', '2016-01-06 03:38:00', '1');
INSERT INTO `contest` VALUES ('6', 'CUET Contest', '0', null, '2016-01-14 01:46:00', '2016-02-25 01:46:00', '-1');
INSERT INTO `contest` VALUES ('7', 'ACM ICPC Regional Dhaka Site 2016', '0', null, '2016-11-20 09:00:00', '2016-11-20 14:00:00', '-1');
INSERT INTO `contest` VALUES ('8', 'Checking Contest', '1', 'd41d8cd98f00b204e9800998ecf8427e', '2015-12-13 20:29:00', '2015-12-15 20:26:00', '1');

-- ----------------------------
-- Table structure for `judge`
-- ----------------------------
DROP TABLE IF EXISTS `judge`;
CREATE TABLE `judge` (
  `judge_id` int(10) unsigned NOT NULL AUTO_INCREMENT,
  `judge_user` varchar(255) COLLATE utf8_unicode_ci NOT NULL,
  `judge_pass` varchar(255) COLLATE utf8_unicode_ci NOT NULL,
  `judge_name` varchar(255) COLLATE utf8_unicode_ci NOT NULL,
  `judge_email` varchar(255) COLLATE utf8_unicode_ci NOT NULL,
  `judge_phone` varchar(30) COLLATE utf8_unicode_ci DEFAULT NULL,
  PRIMARY KEY (`judge_id`,`judge_user`,`judge_email`),
  KEY `judge_id` (`judge_id`)
) ENGINE=InnoDB AUTO_INCREMENT=4 DEFAULT CHARSET=utf8 COLLATE=utf8_unicode_ci;

-- ----------------------------
-- Records of judge
-- ----------------------------
INSERT INTO `judge` VALUES ('2', 'mukti.ist', '202cb962ac59075b964b07152d234b70', 'Khaleqdad Khan', 'muktiist@yahoo.com', '34567');
INSERT INTO `judge` VALUES ('3', 'sadian10', '202cb962ac59075b964b07152d234b70', 'Sadia Nahreen', 'sadia@buet.com', '34569900');

-- ----------------------------
-- Table structure for `judge_cont_rel`
-- ----------------------------
DROP TABLE IF EXISTS `judge_cont_rel`;
CREATE TABLE `judge_cont_rel` (
  `judge_cont_rel_id` int(10) unsigned NOT NULL AUTO_INCREMENT,
  `judge_id` int(10) unsigned NOT NULL,
  `contest_id` int(10) unsigned NOT NULL,
  PRIMARY KEY (`judge_cont_rel_id`),
  KEY `judge_cont_judge_FK1` (`judge_id`),
  KEY `judge_cont_cont_FK2` (`contest_id`),
  CONSTRAINT `judge_cont_cont_FK2` FOREIGN KEY (`contest_id`) REFERENCES `contest` (`contest_id`) ON DELETE CASCADE ON UPDATE CASCADE,
  CONSTRAINT `judge_cont_judge_FK1` FOREIGN KEY (`judge_id`) REFERENCES `judge` (`judge_id`) ON DELETE CASCADE ON UPDATE CASCADE
) ENGINE=InnoDB AUTO_INCREMENT=9 DEFAULT CHARSET=utf8 COLLATE=utf8_unicode_ci;

-- ----------------------------
-- Records of judge_cont_rel
-- ----------------------------
INSERT INTO `judge_cont_rel` VALUES ('1', '2', '5');
INSERT INTO `judge_cont_rel` VALUES ('3', '3', '5');
INSERT INTO `judge_cont_rel` VALUES ('4', '2', '7');
INSERT INTO `judge_cont_rel` VALUES ('5', '3', '7');
INSERT INTO `judge_cont_rel` VALUES ('6', '3', '2');
INSERT INTO `judge_cont_rel` VALUES ('7', '2', '8');
INSERT INTO `judge_cont_rel` VALUES ('8', '3', '8');

-- ----------------------------
-- Table structure for `language`
-- ----------------------------
DROP TABLE IF EXISTS `language`;
CREATE TABLE `language` (
  `language_id` int(10) unsigned NOT NULL AUTO_INCREMENT,
  `language_name` varchar(50) COLLATE utf8_unicode_ci NOT NULL,
  PRIMARY KEY (`language_id`)
) ENGINE=InnoDB AUTO_INCREMENT=3 DEFAULT CHARSET=utf8 COLLATE=utf8_unicode_ci;

-- ----------------------------
-- Records of language
-- ----------------------------
INSERT INTO `language` VALUES ('1', 'GNU C11');
INSERT INTO `language` VALUES ('2', 'GNU C++14');

-- ----------------------------
-- Table structure for `prob_cat_rel`
-- ----------------------------
DROP TABLE IF EXISTS `prob_cat_rel`;
CREATE TABLE `prob_cat_rel` (
  `prob_cat_rel_id` int(10) unsigned NOT NULL AUTO_INCREMENT,
  `category_id` int(10) unsigned NOT NULL,
  `problem_id` int(10) unsigned NOT NULL,
  PRIMARY KEY (`prob_cat_rel_id`),
  KEY `prob_cat_cat_FK1` (`category_id`),
  KEY `prob_cat_prob_FK2` (`problem_id`),
  CONSTRAINT `prob_cat_cat_FK1` FOREIGN KEY (`category_id`) REFERENCES `category` (`category_id`) ON DELETE CASCADE ON UPDATE CASCADE,
  CONSTRAINT `prob_cat_prob_FK2` FOREIGN KEY (`problem_id`) REFERENCES `problem` (`problem_id`) ON DELETE CASCADE ON UPDATE CASCADE
) ENGINE=InnoDB AUTO_INCREMENT=24 DEFAULT CHARSET=utf8 COLLATE=utf8_unicode_ci;

-- ----------------------------
-- Records of prob_cat_rel
-- ----------------------------
INSERT INTO `prob_cat_rel` VALUES ('1', '7', '1');
INSERT INTO `prob_cat_rel` VALUES ('2', '5', '1');
INSERT INTO `prob_cat_rel` VALUES ('3', '2', '1');
INSERT INTO `prob_cat_rel` VALUES ('4', '6', '1');
INSERT INTO `prob_cat_rel` VALUES ('5', '8', '1');
INSERT INTO `prob_cat_rel` VALUES ('6', '3', '1');
INSERT INTO `prob_cat_rel` VALUES ('7', '4', '2');
INSERT INTO `prob_cat_rel` VALUES ('8', '7', '2');
INSERT INTO `prob_cat_rel` VALUES ('9', '1', '3');
INSERT INTO `prob_cat_rel` VALUES ('10', '4', '3');
INSERT INTO `prob_cat_rel` VALUES ('11', '1', '4');
INSERT INTO `prob_cat_rel` VALUES ('12', '4', '4');
INSERT INTO `prob_cat_rel` VALUES ('13', '5', '4');
INSERT INTO `prob_cat_rel` VALUES ('14', '4', '5');
INSERT INTO `prob_cat_rel` VALUES ('15', '6', '5');
INSERT INTO `prob_cat_rel` VALUES ('16', '10', '5');
INSERT INTO `prob_cat_rel` VALUES ('17', '2', '6');
INSERT INTO `prob_cat_rel` VALUES ('18', '4', '6');
INSERT INTO `prob_cat_rel` VALUES ('19', '5', '6');
INSERT INTO `prob_cat_rel` VALUES ('20', '5', '7');
INSERT INTO `prob_cat_rel` VALUES ('21', '5', '8');
INSERT INTO `prob_cat_rel` VALUES ('22', '1', '9');
INSERT INTO `prob_cat_rel` VALUES ('23', '5', '9');

-- ----------------------------
-- Table structure for `prob_cont_rel`
-- ----------------------------
DROP TABLE IF EXISTS `prob_cont_rel`;
CREATE TABLE `prob_cont_rel` (
  `prob_cont_rel_id` int(10) unsigned NOT NULL AUTO_INCREMENT,
  `problem_id` int(10) unsigned NOT NULL,
  `contest_id` int(10) unsigned NOT NULL,
  `prob_cont_rel_order` int(10) unsigned NOT NULL,
  `prob_cont_tried` int(11) NOT NULL DEFAULT '0',
  `prob_cont_solved` int(11) NOT NULL DEFAULT '0',
  PRIMARY KEY (`prob_cont_rel_id`),
  KEY `prob_cont_prob_FK1` (`problem_id`),
  KEY `prob_cont_cont_FK2` (`contest_id`),
  CONSTRAINT `prob_cont_cont_FK2` FOREIGN KEY (`contest_id`) REFERENCES `contest` (`contest_id`) ON DELETE CASCADE ON UPDATE CASCADE,
  CONSTRAINT `prob_cont_prob_FK1` FOREIGN KEY (`problem_id`) REFERENCES `problem` (`problem_id`) ON DELETE CASCADE ON UPDATE CASCADE
) ENGINE=InnoDB AUTO_INCREMENT=80 DEFAULT CHARSET=utf8 COLLATE=utf8_unicode_ci;

-- ----------------------------
-- Records of prob_cont_rel
-- ----------------------------
INSERT INTO `prob_cont_rel` VALUES ('26', '1', '7', '1', '0', '0');
INSERT INTO `prob_cont_rel` VALUES ('27', '2', '7', '2', '0', '0');
INSERT INTO `prob_cont_rel` VALUES ('28', '4', '7', '3', '0', '0');
INSERT INTO `prob_cont_rel` VALUES ('29', '8', '7', '4', '0', '0');
INSERT INTO `prob_cont_rel` VALUES ('30', '9', '7', '5', '0', '0');
INSERT INTO `prob_cont_rel` VALUES ('31', '2', '6', '1', '0', '0');
INSERT INTO `prob_cont_rel` VALUES ('32', '5', '6', '2', '0', '0');
INSERT INTO `prob_cont_rel` VALUES ('33', '6', '6', '3', '0', '0');
INSERT INTO `prob_cont_rel` VALUES ('34', '8', '6', '4', '0', '0');
INSERT INTO `prob_cont_rel` VALUES ('40', '1', '3', '1', '0', '0');
INSERT INTO `prob_cont_rel` VALUES ('41', '2', '3', '2', '0', '0');
INSERT INTO `prob_cont_rel` VALUES ('42', '3', '3', '3', '0', '0');
INSERT INTO `prob_cont_rel` VALUES ('43', '5', '3', '4', '0', '0');
INSERT INTO `prob_cont_rel` VALUES ('44', '7', '5', '1', '0', '0');
INSERT INTO `prob_cont_rel` VALUES ('45', '8', '5', '2', '0', '0');
INSERT INTO `prob_cont_rel` VALUES ('46', '9', '5', '3', '0', '0');
INSERT INTO `prob_cont_rel` VALUES ('56', '1', '2', '1', '0', '0');
INSERT INTO `prob_cont_rel` VALUES ('57', '2', '2', '2', '0', '0');
INSERT INTO `prob_cont_rel` VALUES ('58', '3', '2', '3', '0', '0');
INSERT INTO `prob_cont_rel` VALUES ('59', '4', '2', '4', '0', '0');
INSERT INTO `prob_cont_rel` VALUES ('60', '5', '2', '5', '0', '0');
INSERT INTO `prob_cont_rel` VALUES ('61', '6', '2', '6', '0', '0');
INSERT INTO `prob_cont_rel` VALUES ('62', '7', '2', '7', '0', '0');
INSERT INTO `prob_cont_rel` VALUES ('63', '8', '2', '8', '0', '0');
INSERT INTO `prob_cont_rel` VALUES ('64', '9', '2', '9', '0', '0');
INSERT INTO `prob_cont_rel` VALUES ('66', '2', '8', '1', '0', '0');
INSERT INTO `prob_cont_rel` VALUES ('67', '3', '8', '2', '0', '0');
INSERT INTO `prob_cont_rel` VALUES ('73', '9', '8', '3', '0', '0');
INSERT INTO `prob_cont_rel` VALUES ('74', '4', '8', '4', '0', '0');
INSERT INTO `prob_cont_rel` VALUES ('75', '6', '8', '5', '0', '0');
INSERT INTO `prob_cont_rel` VALUES ('76', '7', '8', '6', '0', '0');
INSERT INTO `prob_cont_rel` VALUES ('77', '1', '8', '7', '0', '0');
INSERT INTO `prob_cont_rel` VALUES ('78', '5', '8', '8', '0', '0');
INSERT INTO `prob_cont_rel` VALUES ('79', '8', '8', '9', '0', '0');

-- ----------------------------
-- Table structure for `problem`
-- ----------------------------
DROP TABLE IF EXISTS `problem`;
CREATE TABLE `problem` (
  `problem_id` int(10) unsigned NOT NULL AUTO_INCREMENT,
  `problem_name` varchar(255) COLLATE utf8_unicode_ci NOT NULL,
  `problem_level` tinyint(2) DEFAULT NULL,
  `problem_time_limit` int(10) NOT NULL,
  `problem_memory_limit` int(10) NOT NULL,
  `problem_input_channel` varchar(40) COLLATE utf8_unicode_ci DEFAULT NULL,
  `problem_output_channel` varchar(40) COLLATE utf8_unicode_ci DEFAULT NULL,
  `problem_description` longblob NOT NULL,
  `problem_input` blob NOT NULL,
  `problem_output` blob NOT NULL,
  `problem_sample_input` varchar(255) COLLATE utf8_unicode_ci DEFAULT NULL,
  `problem_sample_output` varchar(255) COLLATE utf8_unicode_ci NOT NULL,
  `problem_image` varchar(255) COLLATE utf8_unicode_ci DEFAULT NULL,
  `problem_add_date` datetime NOT NULL,
  `problem_judge_input` blob,
  `problem_judge_output` blob NOT NULL,
  `problem_io_type` tinyint(2) NOT NULL DEFAULT '0',
  `problem_hint` varchar(255) COLLATE utf8_unicode_ci DEFAULT NULL,
  `problem_setter` varchar(255) COLLATE utf8_unicode_ci DEFAULT NULL,
  `problem_status` tinyint(2) NOT NULL DEFAULT '0',
  `problem_special_judge` tinyint(2) DEFAULT '0',
  PRIMARY KEY (`problem_id`)
) ENGINE=InnoDB AUTO_INCREMENT=10 DEFAULT CHARSET=utf8 COLLATE=utf8_unicode_ci;

-- ----------------------------
-- Records of problem
-- ----------------------------
INSERT INTO `problem` VALUES ('1', 'Back to Underworld ', null, '4000', '32768', 'Standard Input', 'Standard Output', 0x3C703E5468652056616D706972657320616E64204C796B616E7320617265206669676874696E672065616368206F7468657220746F2064656174682E205468652077617220686173206265636F6D6520736F2066696572636520746861742C206E6F6E65206B6E6F77732077686F2077696C6C2077696E2E205468652068756D616E732077616E7420746F206B6E6F772077686F2077696C6C20737572766976652066696E616C6C792E204275742068756D616E732061726520616672616964206F6620676F696E6720746F2074686520626174746C656669656C642E266E6273703B203C2F703E0D0A3C703E536F2C2074686579206D616465206120706C616E2E205468657920636F6C6C65637465642074686520696E666F726D6174696F6E2066726F6D20746865206E657773706170657273206F662056616D706972657320616E64204C796B616E732E205468657920666F756E642074686520696E666F726D6174696F6E2061626F757420616C6C20746865206475616C206669676874732E204475616C206669676874206D65616E732061206669676874206265747765656E2061204C796B616E20616E6420612056616D706972652E2054686579206B6E6F7720746865206E616D65206F6620746865206475616C2066696768746572732C2062757420646F6E2774206B6E6F77207768696368206F6E65206F66207468656D20697320612056616D70697265206F722061204C796B616E2E3C2F703E0D0A3C703E536F2C207468652068756D616E73206C697374656420616C6C2074686520726976616C732E20546865792077616E7420746F2066696E6420746865206D6178696D756D20706F737369626C65206E756D626572206F662056616D7069726573206F72204C796B616E732E203C2F703E, 0x3C703E496E70757420737461727473207769746820616E20696E7465676572203C7374726F6E673E5420283C2F7374726F6E673E3C7374726F6E673E266C653B203130293C2F7374726F6E673E2C2064656E6F74696E6720746865206E756D626572206F6620746573742063617365732E203C2F703E0D0A3C703E45616368206361736520636F6E7461696E7320616E20696E7465676572203C7374726F6E673E6E20283120266C653B206E20266C653B2031303C7375703E353C2F7375703E293C2F7374726F6E673E2C2064656E6F74696E6720746865206E756D626572206F66206475616C206669676874732E2045616368206F6620746865206E657874203C7374726F6E673E6E3C2F7374726F6E673E206C696E65732077696C6C20636F6E7461696E2074776F20646966666572656E7420696E746567657273203C7374726F6E673E75207620283120266C653B20752C207620266C653B203230303030293C2F7374726F6E673E2064656E6F74696E67207468657265207761732061206669676874206265747765656E203C7374726F6E673E753C2F7374726F6E673E20616E64203C7374726F6E673E763C2F7374726F6E673E2E204E6F20726976616C2077696C6C206265207265706F72746564206D6F7265207468616E206F6E63652E203C2F703E, 0x3C703E466F72206561636820636173652C207072696E74207468652063617365206E756D62657220616E6420746865206D6178696D756D20706F737369626C65206D656D62657273206F6620616E7920726163652E266E6273703B203C2F703E, '2\r\n2\r\n1 2\r\n2 3\r\n3\r\n1 2\r\n2 3\r\n4 2', 'Case 1: 2\r\nCase 2: 3', 'df3c4817f26a67ba11a1eddfc4f00395.jpg', '2015-11-20 05:43:06', 0x320D0A320D0A3120320D0A3220330D0A330D0A3120320D0A3220330D0A342032, 0x4361736520313A20320D0A4361736520323A2033, '0', '<p>Dataset is huge, use faster I/O methods.</p>', 'Jane Alam Jan ', '0', '0');
INSERT INTO `problem` VALUES ('2', 'Rider (LightOJ 1046)', null, '1000', '32768', 'Standard Input', 'Standard Output', 0x3C703E4120726964657220697320612066616E7461737920636865737320706965636520746861742063616E206A756D70206C696B652061206B6E69676874207365766572616C2074696D657320696E20612073696E676C65206D6F76652E204120726964657220746861742063616E20706572666F726D2061206D6178696D756D206F66203C7374726F6E673E4B3C2F7374726F6E673E206A756D707320647572696E6720612073696E676C65206D6F76652069732064656E6F7465642061732061203C7374726F6E673E4B3C2F7374726F6E673E2D72696465722E20466F72206578616D706C652C206120322D72696465722063616E206A756D70206F6E6365206F7220747769636520647572696E6720612073696E676C65206D6F76652C20616E64206120312D7269646572206973206120747261646974696F6E616C206B6E696768742E3C2F703E0D0A3C703E54686572652061726520736F6D6520726964657273206F6620646966666572656E74207479706573206F6E2061206368657373626F6172642E20596F752061726520676976656E206120324420626F61726420726570726573656E74696E6720746865206C61796F7574206F6620746865207069656365732E20546865203C7374726F6E673E6A3C7375703E74683C2F7375703E3C2F7374726F6E673E20636861726163746572206F6620746865203C7374726F6E673E693C7375703E74683C2F7375703E3C2F7374726F6E673E20656C656D656E74206F6620626F6172642069732074686520636F6E74656E74206F66207468652073717561726520617420726F77203C7374726F6E673E693C2F7374726F6E673E2C20636F6C756D6E203C7374726F6E673E6A3C2F7374726F6E673E2E20496620746865206368617261637465722069732061206469676974203C7374726F6E673E4B3C2F7374726F6E673E206265747765656E203C7374726F6E673E2731273C2F7374726F6E673E20616E64203C7374726F6E673E2739273C2F7374726F6E673E2C207468652073717561726520636F6E7461696E732061203C7374726F6E673E4B3C2F7374726F6E673E2D72696465722E204F74686572776973652C20696620746865206368617261637465722069732061203C7374726F6E673E272E273C2F7374726F6E673E2C207468652073717561726520697320656D7074792E2046696E6420746865206D696E696D616C20746F74616C206E756D626572206F66206D6F766573206E656365737361727920746F206D6F766520616C6C207468652072696465727320746F207468652073616D65207371756172652E204F6E6C79206F6E652070696563652063616E206D6F766520647572696E672065616368206D6F76652E204D756C7469706C65207269646572732063616E207368617265207468652073616D65207371756172657320616C6C2074696D657320647572696E67207468652070726F636573732E205072696E74203C7374726F6E673E2D313C2F7374726F6E673E20696620697420697320696D706F737369626C652E3C2F703E0D0A3C703E4120747261646974696F6E616C206B6E696768742068617320757020746F203C7374726F6E673E383C2F7374726F6E673E206D6F7665732066726F6D206120737175617265207769746820636F6F7264696E61746573203C7374726F6E673E28782C2079293C2F7374726F6E673E20746F2073717561726573203C7374726F6E673E28782B312C20792B32292C2028782B312C20792D32292C2028782B322C20792B31292C2028782B322C20792D31292C2028782D312C20792B32292C2028782D312C20792D32292C2028782D322C20792B31292C2028782D322C20792D31293C2F7374726F6E673E2C20616E642063616E2774206D6F7665206F75747369646520746865206368657373626F6172642E203C2F703E, 0x3C703E496E70757420737461727473207769746820616E20696E7465676572203C7374726F6E673E5420283C2F7374726F6E673E3C7374726F6E673E266C653B20313030293C2F7374726F6E673E2C2064656E6F74696E6720746865206E756D626572206F6620746573742063617365732E3C2F703E0D0A3C703E45616368206361736520626567696E732077697468206120626C616E6B206C696E6520616E642074776F20696E746567657273203C7374726F6E673E6D2C206E20283120266C653B206D2C206E20266C653B203130293C2F7374726F6E673E2064656E6F74696E672074686520726F777320616E642074686520636F6C756D6E73206F662074686520626F61726420726573706563746976656C792E2045616368206F6620746865206E657874203C7374726F6E673E6D3C2F7374726F6E673E206C696E65732077696C6C20636F6E7461696E203C7374726F6E673E6E3C2F7374726F6E673E20696E74656765727320656163682064656E6F74696E672074686520626F6172642E3C2F703E, 0x3C703E466F7220656163682063617365206F6620696E70757420796F75206861766520746F207072696E74207468652063617365206E756D62657220746865206465736972656420726573756C742E3C2F703E, '4\r\n\r\n3 2\r\n..\r\n2.\r\n..\r\n\r\n3 3\r\n1.1\r\n...\r\n..1\r\n\r\n10 10\r\n..........\r\n.2....2...\r\n......2...\r\n1.........\r\n...2.1....\r\n...1......\r\n..........\r\n.......21.\r\n..........\r\n..........\r\n\r\n1 4\r\n1..1', 'Case 1: 0\r\nCase 2: 4\r\nCase 3: 14\r\nCase 4: -1', null, '2015-11-21 20:49:08', 0x340D0A0D0A3320320D0A2E2E0D0A322E0D0A2E2E0D0A0D0A3320330D0A312E310D0A2E2E2E0D0A2E2E310D0A0D0A31302031300D0A2E2E2E2E2E2E2E2E2E2E0D0A2E322E2E2E2E322E2E2E0D0A2E2E2E2E2E2E322E2E2E0D0A312E2E2E2E2E2E2E2E2E0D0A2E2E2E322E312E2E2E2E0D0A2E2E2E312E2E2E2E2E2E0D0A2E2E2E2E2E2E2E2E2E2E0D0A2E2E2E2E2E2E2E32312E0D0A2E2E2E2E2E2E2E2E2E2E0D0A2E2E2E2E2E2E2E2E2E2E0D0A0D0A3120340D0A312E2E31, 0x4361736520313A20300D0A4361736520323A20340D0A4361736520333A2031340D0A4361736520343A202D31, '0', '', 'Jane Alam Jan', '0', '0');
INSERT INTO `problem` VALUES ('3', 'LightOJ 1107 - How Cow', null, '2000', '32768', 'Standard Input', 'Standard Output', 0x3C703E4D72204B6F70612053616D73752069732061206661726D65722E204865206861732061206C616E64206F662072656374616E67756C61722073686170652E204275742074686572652061726520636F7773207468617420646973747572622068696D2061206C6F742E2054686520636F77732075736520746F20656E74657220686973206C616E6420616E64207275696E206869732063726F70732E204E6F77204D72204B6F70612053616D737520686173206265636F6D6520736D61727465722E204865206861732061204750532073797374656D20746861742077696C6C2068656C702068696D20746F206B6E6F772074686520706F736974696F6E206F662074686520636F77732E20536F2C20796F752063616E207468696E6B20686973206C616E64206173206120324420677269642C20616E6420636F77732063616E206265207472656174656420617320706F696E74732E204E6F7720796F752061726520676976656E2074686520696E666F726D6174696F6E206F6620686973206C616E6420616E6420636F77732E20596F75206861766520746F2074656C6C2068696D2077686574686572206120636F7720697320696E7369646520686973206C616E64206F72206E6F742E3C2F703E, 0x3C703E496E70757420737461727473207769746820616E20696E7465676572203C7374726F6E673E5420283C2F7374726F6E673E3C7374726F6E673E266C653B203530293C2F7374726F6E673E2C2064656E6F74696E6720746865206E756D626572206F6620746573742063617365732E3C2F703E0D0A3C703E546865206669727374206C696E65206F662065616368206361736520636F6E7461696E7320666F757220696E746567657273203C7374726F6E673E783C7375623E313C2F7375623E20793C7375623E313C2F7375623E20783C7375623E323C2F7375623E20793C7375623E323C2F7375623E3C2F7374726F6E673E2C207768657265203C7374726F6E673E28783C7375623E313C2F7375623E2C20793C7375623E313C2F7375623E293C2F7374726F6E673E20697320746865206C6F776572206C65667420636F6F7264696E617465206F6620686973206C616E6420616E64203C7374726F6E673E28783C7375623E323C2F7375623E2C20793C7375623E323C2F7375623E293C2F7374726F6E673E2069732074686520757070657220726967687420636F6F7264696E617465206F6620686973206C616E642E20596F752063616E20617373756D65207468617420746865207369646573206F6620746865206C616E6420617265206178697320706172616C6C656C2E20546865206E657874206C696E6520636F6E7461696E7320616E20696E7465676572203C7374726F6E673E4D20283120266C653B204D20266C653B20313030293C2F7374726F6E673E2064656E6F74696E6720746865206E756D626572206F6620636F77732E2045616368206F6620746865206E657874203C7374726F6E673E4D3C2F7374726F6E673E206C696E657320636F6E7461696E732074776F20696E74656765727320656163682064656E6F74696E67203C7374726F6E673E7820793C2F7374726F6E673E202D2074686520706F736974696F6E206F66206120636F772E20596F752063616E20736166656C7920617373756D652074686174206E6F20636F772077696C6C206C6965206F6E2074686520626F756E64617279206F66207468652072656374616E676C652E20416C6C2074686520636F6F7264696E617465732077696C6C206C696520696E207468652072616E6765203C7374726F6E673E5B302C2031303030305D3C2F7374726F6E673E2E3C2F703E, 0x3C703E466F722065616368206361736520796F75206861766520746F207072696E74207468652063617365206E756D62657220696E2061206C696E652066697273742E205468656E20666F72206561636820636F772C20796F75206861766520746F207072696E74203C7374726F6E673E27596573273C2F7374726F6E673E206F72203C7374726F6E673E274E6F273C2F7374726F6E673E20646570656E64696E6720776865746865722074686520636F7720697320696E7369646520746865206C616E64206F72206E6F742E3C2F703E, '1\r\n1 2 8 10\r\n7\r\n0 0\r\n5 6\r\n1 0\r\n7 9\r\n3 5\r\n10 10\r\n1 11', 'Case 1:\r\nNo\r\nYes\r\nNo\r\nYes\r\nYes\r\nNo\r\nNo', null, '2015-11-21 21:31:51', 0x310D0A31203220382031300D0A370D0A3020300D0A3520360D0A3120300D0A3720390D0A3320350D0A31302031300D0A31203131, 0x4361736520313A0D0A4E6F0D0A5965730D0A4E6F0D0A5965730D0A5965730D0A4E6F0D0A4E6F, '0', '', 'Jane Alam Jan', '0', '0');
INSERT INTO `problem` VALUES ('4', 'LightOJ 1022 - Circle in Square ', null, '500', '32768', 'Standard Input', 'Standard Output', 0x3C703E4120636972636C6520697320706C6163656420706572666563746C7920696E746F2061207371756172652E20546865207465726D20706572666563746C7920706C61636564206D65616E73207468617420656163682073696465206F66207468652073717561726520697320746F75636865642062792074686520636972636C652C206275742074686520636972636C6520646F65736E2774206861766520616E79206F7665726C617070696E672070617274207769746820746865207371756172652E205365652074686520706963747572652062656C6F772E3C2F703E0D0A3C703E4E6F7720796F752061726520676976656E2074686520726164697573206F662074686520636972636C652E20596F75206861766520746F2066696E64207468652061726561206F66207468652073686164656420726567696F6E2028626C75652070617274292E20417373756D652074686174203C7374726F6E673E7069203D2032202A2061636F732028302E3029202861636F73206D65616E7320636F7320696E7665727365293C2F7374726F6E673E2E3C2F703E, 0x3C703E496E70757420737461727473207769746820616E20696E7465676572203C7374726F6E673E5420283C2F7374726F6E673E3C7374726F6E673E266C653B2031303030293C2F7374726F6E673E2C2064656E6F74696E6720746865206E756D626572206F6620746573742063617365732E3C2F703E0D0A3C703E45616368206361736520636F6E7461696E73206120666C6F6174696E6720706F696E74206E756D626572203C7374726F6E673E7220283020266C743B207220266C653B2031303030293C2F7374726F6E673E2064656E6F74696E672074686520726164697573206F662074686520636972636C652E20416E6420796F752063616E20617373756D652074686174203C7374726F6E673E723C2F7374726F6E673E20636F6E7461696E73206174206D6F737420666F7572206469676974732061667465722074686520646563696D616C20706F696E742E3C2F703E, 0x3C703E466F72206561636820636173652C207072696E74207468652063617365206E756D62657220616E642074686520736861646564206172656120726F756E64656420746F2074776F20706C616365732061667465722074686520646563696D616C20706F696E742E3C2F703E, '3\r\n20\r\n30.091\r\n87.0921', 'Case 1: 343.36\r\nCase 2: 777.26\r\nCase 3: 6511.05', '8741ca15289e070b4f2eba2be4b03fad.png', '2015-11-21 21:34:46', 0x330D0A32300D0A33302E3039310D0A38372E30393231, 0x4361736520313A203334332E33360D0A4361736520323A203737372E32360D0A4361736520333A20363531312E3035, '0', '<p>This problem doesn\'t have special judge. So, be careful about precision problems. Better to add a small value to your result to avoid precision problems. For example, add <strong>10<sup>-9</sup></strong> to your result.</p>', 'Jane Alam Jan', '0', '0');
INSERT INTO `problem` VALUES ('5', 'LightOJ 1113 - Discover the Web ', null, '1000', '32768', 'Standard Input', 'Standard Output', 0x3C703E5374616E64617264207765622062726F777365727320636F6E7461696E20666561747572657320746F206D6F7665206261636B7761726420616E6420666F727761726420616D6F6E672074686520706167657320726563656E746C7920766973697465642E204F6E652077617920746F20696D706C656D656E7420746865736520666561747572657320697320746F207573652074776F20737461636B7320746F206B65657020747261636B206F662074686520706167657320746861742063616E2062652072656163686564206279206D6F76696E67206261636B7761726420616E6420666F72776172642E20596F75206172652061736B656420746F20696D706C656D656E7420746869732E2054686520636F6D6D616E6473206172653A3C2F703E0D0A3C6F6C3E0D0A3C6C693E4241434B3A20496620746865206261636B7761726420737461636B20697320656D7074792C2074686520636F6D6D616E642069732069676E6F7265642E204F74686572776973652C2070757368207468652063757272656E742070616765206F6E2074686520746F70206F662074686520666F727761726420737461636B2E20506F702074686520706167652066726F6D2074686520746F70206F6620746865206261636B7761726420737461636B2C206D616B696E6720697420746865206E65772063757272656E7420706167652E3C2F6C693E0D0A3C6C693E464F52574152443A2049662074686520666F727761726420737461636B20697320656D7074792C2074686520636F6D6D616E642069732069676E6F7265642E204F74686572776973652C2070757368207468652063757272656E742070616765206F6E2074686520746F70206F6620746865206261636B7761726420737461636B2E20506F702074686520706167652066726F6D2074686520746F70206F662074686520666F727761726420737461636B2C206D616B696E6720697420746865206E65772063757272656E7420706167652E3C2F6C693E0D0A3C6C693E564953495420266C743B75726C2667743B3A2050757368207468652063757272656E742070616765206F6E2074686520746F70206F6620746865206261636B7761726420737461636B2C20616E64206D616B65207468652055524C2073706563696669656420746865206E65772063757272656E7420706167652E2054686520666F727761726420737461636B20697320656D70746965642E3C2F6C693E0D0A3C6C693E515549543A2051756974207468652062726F777365722E3C2F6C693E0D0A3C2F6F6C3E0D0A3C703E5468652062726F7773657220696E697469616C6C79206C6F61647320746865207765622070616765206174207468652055524C203C7374726F6E673E27687474703A2F2F7777772E6C696768746F6A2E636F6D2F273C2F7374726F6E673E3C2F703E, 0x3C703E496E70757420737461727473207769746820616E20696E7465676572203C7374726F6E673E5420283C2F7374726F6E673E3C7374726F6E673E266C653B20313030293C2F7374726F6E673E2C2064656E6F74696E6720746865206E756D626572206F6620746573742063617365732E3C2F703E0D0A3C703E45616368206361736520636F6E7461696E7320736F6D6520636F6D6D616E64732E20546865206B6579776F726473204241434B2C20464F52574152442C2056495349542C20616E6420515549542061726520616C6C20696E207570706572636173652E2055524C732068617665206E6F207768697465737061636520616E642068617665206174206D6F737420353020636861726163746572732E2054686520656E64206F66206361736520697320696E6469636174656420627920746865205155495420636F6D6D616E6420616E642069742073686F756C646E27742062652070726F6365737365642E2045616368206361736520636F6E7461696E73206174206D6F737420313030206C696E65732E3C2F703E, 0x3C703E466F72206561636820636173652C207072696E74207468652063617365206E756D6265722066697273742E20466F72206561636820636F6D6D616E642C207072696E74207468652055524C206F66207468652063757272656E7420706167652028696E2061206C696E65292061667465722074686520636F6D6D616E642069732065786563757465642069662074686520636F6D6D616E64206973206E6F742069676E6F7265642E204F74686572776973652C207072696E74203C7374726F6E673E2749676E6F726564273C2F7374726F6E673E2E3C2F703E, '1\r\nVISIT http://uva.onlinejudge.org/\r\nVISIT http://topcoder.com/\r\nBACK\r\nBACK\r\nBACK\r\nFORWARD\r\nVISIT http://acm.sgu.ru/\r\nBACK\r\nBACK\r\nFORWARD\r\nFORWARD\r\nFORWARD\r\nQUIT', 'Case 1:\r\nhttp://uva.onlinejudge.org/\r\nhttp://topcoder.com/\r\nhttp://uva.onlinejudge.org/\r\nhttp://www.lightoj.com/\r\nIgnored\r\nhttp://uva.onlinejudge.org/\r\nhttp://acm.sgu.ru/\r\nhttp://uva.onlinejudge.org/\r\nhttp://www.lightoj.com/\r\nhttp://uva.onlinejudge.org/\r\n', 'aad76a7fc4aeb9d15ec16bccd89afd94.jpg', '2015-12-09 01:35:19', 0x310D0A564953495420687474703A2F2F7576612E6F6E6C696E656A756467652E6F72672F0D0A564953495420687474703A2F2F746F70636F6465722E636F6D2F0D0A4241434B0D0A4241434B0D0A4241434B0D0A464F52574152440D0A564953495420687474703A2F2F61636D2E7367752E72752F0D0A4241434B0D0A4241434B0D0A464F52574152440D0A464F52574152440D0A464F52574152440D0A51554954, 0x4361736520313A0D0A687474703A2F2F7576612E6F6E6C696E656A756467652E6F72672F0D0A687474703A2F2F746F70636F6465722E636F6D2F0D0A687474703A2F2F7576612E6F6E6C696E656A756467652E6F72672F0D0A687474703A2F2F7777772E6C696768746F6A2E636F6D2F0D0A49676E6F7265640D0A687474703A2F2F7576612E6F6E6C696E656A756467652E6F72672F0D0A687474703A2F2F61636D2E7367752E72752F0D0A687474703A2F2F7576612E6F6E6C696E656A756467652E6F72672F0D0A687474703A2F2F7777772E6C696768746F6A2E636F6D2F0D0A687474703A2F2F7576612E6F6E6C696E656A756467652E6F72672F0D0A687474703A2F2F61636D2E7367752E72752F0D0A49676E6F726564, '0', '', 'Jane Alam Jan', '0', '0');
INSERT INTO `problem` VALUES ('6', 'LightOJ 1015 - Brush (I) ', null, '500', '32768', 'Standard Input', 'Standard Output', 0x3C703E536F6D6574696D65732049206665656C20616E67727920746F20617272616E676520636F6E74657374732C2062656361757365204920616D20746F6F206C617A792E20546F646179204920616D20617272616E67696E67206120636F6E7465737420666F7220414955422073747564656E74732E20536F2C2049206D616465206120706C616E2E205768696C6520746865792077696C6C206265206275737920776974682074686520636F6E746573742C20617320612070756E6973686D656E7420492077696C6C20636F76657220746865697220726F6F6D7320776974682064757374732E20536F2C207768656E20746865792077696C6C206265206261636B2C20746865792077696C6C20737572656C792067657420616E6772792C20616E642069742077696C6C206361757365207468656D20736F6D65207061696E2E3C2F703E0D0A3C703E536F2C2061742066697273742C20492077696C6C206D616B65207570206D79206D696E642C2074686174206D65616E7320492077696C6C206669782074686520616D6F756E74206F6620647573747320666F7220656163682073747564656E742E205468697320616D6F756E74206D6179206E6F742062652073616D6520666F7220616C6C2E204E6F7720796F752061726520676976656E2074686520616D6F756E74206F66206475737420756E697420666F7220656163682073747564656E742E20596F75206861766520746F2068656C70206D652066696E64696E672074686520746F74616C206475737420756E69742049206861766520746F20636F6C6C65637420746F206361757365207468656D207061696E2E3C2F703E0D0A3C703E42757420746865726520697320612070726F626C656D2C206D792072616E646F6D2066756E6374696F6E2077686963682067656E657261746573206475737420756E69747320666F722073747564656E7473206861732061206275672C20697420736F6D6574696D65732072657475726E73206E65676174697665206E756D626572732E20496620612073747564656E742067657473206E65676174697665206E756D6265722C2049207468696E6B206865206973206C75636B792C20736F20492077696C6C206E6F742063617573652068696D20616E79207061696E20776974682064757374732E3C2F703E, 0x3C703E496E70757420737461727473207769746820616E20696E7465676572203C7374726F6E673E5420283C2F7374726F6E673E3C7374726F6E673E266C653B20313030293C2F7374726F6E673E2C2064656E6F74696E6720746865206E756D626572206F6620746573742063617365732E3C2F703E0D0A3C703E456163682063617365207374617274732077697468206120626C616E6B206C696E652E20546865206E657874206C696E6520636F6E7461696E7320616E20696E7465676572203C7374726F6E673E4E20283120266C653B204E20266C653B2031303030293C2F7374726F6E673E2C206D65616E73207468617420746865726520617265203C7374726F6E673E4E3C2F7374726F6E673E2073747564656E74732E20546865206E657874206C696E652077696C6C20636F6E7461696E203C7374726F6E673E4E3C2F7374726F6E673E20696E74656765727320736570617261746564206279207370616365732077686963682064656E6F746520746865206475737420756E697420666F7220616C6C2073747564656E74732E20546865206475737420756E697420666F7220616E792073747564656E742077696C6C206E6F7420636F6E7461696E206D6F7265207468616E2074776F206469676974732E3C2F703E, 0x3C703E466F7220656163682063617365207072696E74207468652063617365206E756D62657220616E642074686520746F74616C207265717569726564206475737420756E6974732E3C2F703E, '2\r\n \r\n3\r\n1 5 10\r\n \r\n2\r\n1 99', 'Case 1: 16\r\nCase 2: 100', null, '2015-12-09 01:37:39', 0x320D0A200D0A330D0A3120352031300D0A200D0A320D0A31203939, 0x4361736520313A2031360D0A4361736520323A20313030, '0', '', '', '0', '0');
INSERT INTO `problem` VALUES ('7', 'Addition', null, '1000', '32768', 'Standard Input', 'Standard Output', 0x3C703E596F75206861766520746F206164642074776F206E756D6265727320616E6420646973706C61792074686520726573756C743C2F703E, 0x3C703E74776F20696E7465676572732C207820616E6420792E3C2F703E, 0x3C703E7468652073756D6D6174696F6E206F66207820616E6420792E3C2F703E, '3 2', '5', null, '2015-12-09 23:21:11', 0x3230203130, 0x3330, '0', '<p>Remember that the summation of two integers can be larger than the limit of integer.</p>', 'Open Judge', '0', '0');
INSERT INTO `problem` VALUES ('8', 'Multiplication', null, '1000', '32768', 'Standard Input', 'Standard Output', 0x3C703E596F75206861766520746F206D756C7469706C792074776F206E756D6265727320616E6420646973706C61792074686520726573756C743C2F703E, 0x3C703E74776F20696E7465676572732C207820616E6420792E3C2F703E, 0x3C703E746865206D756C7469706C69636174696F6E206F66207820616E6420792E3C2F703E, '3 2', '6', null, '2015-12-09 23:22:01', 0x3230203130, 0x323030, '0', '<p>Remember that the multiplication of two integers can be larger than the limit of integer.</p>', 'Open Judge', '0', '0');
INSERT INTO `problem` VALUES ('9', 'Area of a circle', null, '1000', '32768', 'Standard Input', 'Standard Output', 0x3C703E596F75276C6C20626520676976656E2074686520726164697573206F66206120636972636C652E20596F75206861766520746F2063616C63756C617465207468652061726561206F66207468617420636972636C652E20417373756D65205049203D20332E313431363C2F703E, 0x3C703E4120706F73697469766520666C6F6174696E6720706F696E74206E756D62657220723C2F703E, 0x3C703E5468652061726561206F662074686520636972636C6520686176696E6720726164697573206F6620722E204F75747075742073686F756C64206265206D61746368656420757020746F20322064696769747320616674657220646563696D616C20706F696E74733C2F703E, '10.0', '314.16', null, '2015-12-09 23:26:11', 0x3533312E32313736, 0x3838363533342E3832, '0', '<p>Make sure floating point rounding to avoid wrong answer.</p>', 'Open Judge', '0', '0');

-- ----------------------------
-- Table structure for `rank`
-- ----------------------------
DROP TABLE IF EXISTS `rank`;
CREATE TABLE `rank` (
  `rank_id` bigint(20) unsigned NOT NULL AUTO_INCREMENT,
  `contest_id` int(10) unsigned NOT NULL,
  `user_id` int(10) unsigned NOT NULL,
  `rank_details` varchar(255) COLLATE utf8_unicode_ci NOT NULL,
  `rank_solved` tinyint(4) NOT NULL DEFAULT '0',
  `rank_penalty` int(11) NOT NULL DEFAULT '0',
  `rank_disqualified` tinyint(2) DEFAULT NULL,
  PRIMARY KEY (`rank_id`),
  KEY `rank_contest_FK1` (`contest_id`),
  KEY `rank_user_FK2` (`user_id`),
  CONSTRAINT `rank_contest_FK1` FOREIGN KEY (`contest_id`) REFERENCES `contest` (`contest_id`) ON DELETE CASCADE ON UPDATE CASCADE,
  CONSTRAINT `rank_user_FK2` FOREIGN KEY (`user_id`) REFERENCES `user` (`user_id`) ON DELETE CASCADE ON UPDATE CASCADE
) ENGINE=InnoDB AUTO_INCREMENT=39 DEFAULT CHARSET=utf8 COLLATE=utf8_unicode_ci;

-- ----------------------------
-- Records of rank
-- ----------------------------
INSERT INTO `rank` VALUES ('27', '5', '6', '1,0,0,1,4446,4446,2,4446,4466', '2', '8912', null);
INSERT INTO `rank` VALUES ('28', '5', '2', '1,4449,4449,1,4449,4449,1,0,0', '2', '8898', null);
INSERT INTO `rank` VALUES ('29', '5', '3', '1,4451,4491,1,4451,4451,1,4450,4450', '3', '13392', null);
INSERT INTO `rank` VALUES ('30', '5', '8', '1,4716,4716,1,4717,4717,2,4718,4738', '3', '14171', null);
INSERT INTO `rank` VALUES ('31', '5', '9', '4,4784,4844,2,0,0,2,4845,4865', '2', '9709', null);
INSERT INTO `rank` VALUES ('32', '5', '12', '3,4924,4964,0,NA,0,0,NA,0', '1', '4964', null);
INSERT INTO `rank` VALUES ('33', '5', '13', '2,5246,5266,2,5252,5272,2,5248,5268', '3', '15806', null);
INSERT INTO `rank` VALUES ('35', '2', '2', '2,0,0,1,0,0,0,NA,0,1,0,0,0,NA,0,1,0,0,1,37,37,2,38,58,1,39,39', '3', '134', null);
INSERT INTO `rank` VALUES ('37', '5', '10', '1,0,0,0,NA,0,0,NA,0', '0', '0', null);
INSERT INTO `rank` VALUES ('38', '5', '11', '1,0,0,0,NA,0,0,NA,0', '0', '0', null);

-- ----------------------------
-- Table structure for `submission`
-- ----------------------------
DROP TABLE IF EXISTS `submission`;
CREATE TABLE `submission` (
  `submission_id` bigint(20) unsigned NOT NULL AUTO_INCREMENT,
  `problem_id` int(10) unsigned NOT NULL,
  `user_id` int(10) unsigned NOT NULL,
  `contest_id` int(10) unsigned DEFAULT NULL,
  `submission_source` blob NOT NULL,
  `submission_type` tinyint(4) NOT NULL DEFAULT '0',
  `submission_time` datetime NOT NULL,
  `submission_status` tinyint(4) NOT NULL DEFAULT '1',
  `submission_result` tinyint(2) DEFAULT NULL,
  `language_id` int(10) unsigned NOT NULL,
  PRIMARY KEY (`submission_id`),
  KEY `sub_prob_FK1` (`problem_id`),
  KEY `sub_user_FK2` (`user_id`),
  KEY `sub_cont_FK3` (`contest_id`),
  KEY `sub_lang_FK4` (`language_id`),
  CONSTRAINT `sub_cont_FK3` FOREIGN KEY (`contest_id`) REFERENCES `contest` (`contest_id`) ON DELETE CASCADE ON UPDATE CASCADE,
  CONSTRAINT `sub_lang_FK4` FOREIGN KEY (`language_id`) REFERENCES `language` (`language_id`) ON DELETE CASCADE ON UPDATE CASCADE,
  CONSTRAINT `sub_prob_FK1` FOREIGN KEY (`problem_id`) REFERENCES `problem` (`problem_id`) ON DELETE CASCADE ON UPDATE CASCADE,
  CONSTRAINT `sub_user_FK2` FOREIGN KEY (`user_id`) REFERENCES `user` (`user_id`) ON DELETE CASCADE ON UPDATE CASCADE
) ENGINE=InnoDB AUTO_INCREMENT=72 DEFAULT CHARSET=utf8 COLLATE=utf8_unicode_ci;

-- ----------------------------
-- Records of submission
-- ----------------------------
INSERT INTO `submission` VALUES ('19', '9', '6', '5', 0x23696E636C756465203C626974732F737464632B2B2E683E0D0A0D0A23646566696E6520504920332E313431360D0A0D0A7573696E67206E616D657370616365207374643B0D0A0D0A696E74206D61696E2829207B0D0A20202020646F75626C6520723B0D0A0D0A202020207363616E662822256C66222C202672293B0D0A0D0A2020202072203D2072202A2072202A2050493B0D0A0D0A202020207072696E74662822252E326C66222C2072293B0D0A0D0A2020202072657475726E20303B0D0A7D0D0A, '0', '2015-12-10 05:45:33', '0', '7', '1');
INSERT INTO `submission` VALUES ('20', '9', '6', '5', 0x23696E636C756465203C626974732F737464632B2B2E683E0D0A0D0A23646566696E6520504920332E313431360D0A0D0A7573696E67206E616D657370616365207374643B0D0A0D0A696E74206D61696E2829207B0D0A20202020646F75626C6520723B0D0A0D0A202020207363616E662822256C66222C202672293B0D0A0D0A2020202072203D2072202A2072202A2050493B0D0A0D0A202020207072696E74662822252E326C66222C2072293B0D0A0D0A2020202072657475726E20303B0D0A7D0D0A, '0', '2015-12-10 05:45:44', '0', '1', '2');
INSERT INTO `submission` VALUES ('21', '8', '6', '5', 0x23696E636C756465203C737464696F2E683E0D0A0D0A696E74206D61696E2829207B0D0A20202020696E7420782C20793B0D0A202020206C6F6E67206C6F6E67207A3B0D0A202020207363616E6628222564202564222C2026782C202679293B0D0A202020207A203D2078202A20793B0D0A202020207072696E74662822256C6C64222C207A293B0D0A2020202072657475726E20303B0D0A7D0D0A, '0', '2015-12-10 05:45:55', '0', '1', '1');
INSERT INTO `submission` VALUES ('22', '7', '6', '5', 0x23696E636C756465203C737464696F2E683E0D0A0D0A696E74206D61696E2829207B0D0A20202020696E7420782C20793B0D0A202020206C6F6E67206C6F6E67207A3B0D0A202020207363616E6628222564202564222C2026782C202679293B0D0A202020207A203D2078202B20793B0D0A202020207072696E74662822256C6C642D48656C6C6F222C207A293B0D0A2020202072657475726E20303B0D0A7D0D0A, '0', '2015-12-10 05:46:13', '0', '2', '1');
INSERT INTO `submission` VALUES ('23', '7', '2', '5', 0x23696E636C756465203C737464696F2E683E0D0A0D0A696E74206D61696E2829207B0D0A20202020696E7420782C20793B0D0A202020206C6F6E67206C6F6E67207A3B0D0A202020207363616E6628222564202564222C2026782C202679293B0D0A202020207A203D2078202B20793B0D0A202020207072696E74662822256C6C64222C207A293B0D0A2020202072657475726E20303B0D0A7D0D0A, '0', '2015-12-10 05:48:10', '0', '1', '1');
INSERT INTO `submission` VALUES ('24', '8', '2', '5', 0x23696E636C756465203C737464696F2E683E0D0A0D0A696E74206D61696E2829207B0D0A20202020696E7420782C20793B0D0A202020206C6F6E67206C6F6E67207A3B0D0A202020207363616E6628222564202564222C2026782C202679293B0D0A202020207A203D2078202A20793B0D0A202020207072696E74662822256C6C64222C207A293B0D0A2020202072657475726E20303B0D0A7D0D0A, '0', '2015-12-10 05:48:35', '0', '1', '1');
INSERT INTO `submission` VALUES ('25', '9', '2', '5', 0x23696E636C756465203C626974732F737464632B2B2E683E0D0A0D0A23646566696E6520504920332E313431360D0A23646566696E65204D41584E203130303030300D0A0D0A7573696E67206E616D657370616365207374643B0D0A0D0A696E74206D61696E2829207B0D0A20202020646F75626C6520723B0D0A20202020696E7420783B0D0A0D0A202020207363616E662822256C66222C202672293B0D0A0D0A2020202072203D2072202A2072202A2050493B0D0A0D0A202020207072696E74662822252E326C66222C2072293B0D0A0D0A20202020666F7228696E7420693D303B20693C4D41584E3B202B2B69290D0A2020202020202020666F7228696E74206A3D303B206A3C4D41584E3B202B2B6A290D0A202020202020202020202020666F7228696E74206B3D303B206B3C4D41584E3B202B2B6B290D0A2020202020202020202020202020202078203D20353B0D0A0D0A2020202072657475726E20303B0D0A7D0D0A, '0', '2015-12-10 05:49:03', '0', '3', '2');
INSERT INTO `submission` VALUES ('26', '9', '3', '5', 0x23696E636C756465203C626974732F737464632B2B2E683E0D0A0D0A23646566696E6520504920332E313431360D0A0D0A7573696E67206E616D657370616365207374643B0D0A0D0A696E74206D61696E2829207B0D0A20202020646F75626C6520723B0D0A0D0A202020207363616E662822256C66222C202672293B0D0A0D0A2020202072203D2072202A2072202A2050493B0D0A0D0A202020207072696E74662822252E326C66222C2072293B0D0A0D0A2020202072657475726E20303B0D0A7D0D0A, '0', '2015-12-10 05:49:51', '0', '1', '2');
INSERT INTO `submission` VALUES ('27', '8', '3', '5', 0x23696E636C756465203C737464696F2E683E0D0A0D0A696E74206D61696E2829207B0D0A20202020696E7420782C20793B0D0A202020206C6F6E67206C6F6E67207A3B0D0A202020207363616E6628222564202564222C2026782C202679293B0D0A202020207A203D2078202A20793B0D0A202020207072696E74662822256C6C64222C207A293B0D0A2020202072657475726E20303B0D0A7D0D0A, '0', '2015-12-10 05:50:03', '0', '1', '1');
INSERT INTO `submission` VALUES ('28', '7', '3', '5', 0x23696E636C756465203C737464696F2E683E0D0A0D0A696E74206D61696E2829207B0D0A20202020696E7420782C20793B0D0A202020206C6F6E67206C6F6E67207A3B0D0A202020207363616E6628222564202564222C2026782C202679293B0D0A202020207A203D2078202B20793B0D0A202020207072696E74662822256C6C64222C207A293B0D0A2020202072657475726E20303B0D0A7D0D0A, '0', '2015-12-10 05:50:15', '0', '1', '1');
INSERT INTO `submission` VALUES ('29', '7', '3', '5', 0x23696E636C756465203C737464696F2E683E0D0A0D0A696E74206D61696E2829207B0D0A20202020696E7420782C20793B0D0A202020206C6F6E67206C6F6E67207A3B0D0A202020207363616E6628222564202564222C2026782C202679293B0D0A202020207A203D2078202B20793B0D0A202020207072696E74662822256C6C64222C207A293B0D0A2020202072657475726E20303B0D0A7D0D0A, '0', '2015-12-10 06:02:24', '0', '7', '1');
INSERT INTO `submission` VALUES ('30', '7', '3', '5', 0x23696E636C756465203C737464696F2E683E0D0A0D0A696E74206D61696E2829207B0D0A20202020696E7420782C20793B0D0A202020206C6F6E67206C6F6E67207A3B0D0A202020207363616E6628222564202564222C2026782C202679293B0D0A202020207A203D2078202B20793B0D0A202020207072696E74662822256C6C64222C207A293B0D0A2020202072657475726E20303B0D0A7D0D0A, '0', '2015-12-10 06:04:06', '0', '7', '1');
INSERT INTO `submission` VALUES ('31', '7', '8', '5', 0x23696E636C756465203C737464696F2E683E0D0A0D0A696E74206D61696E2829207B0D0A09696E7420782C20792C207A3B0D0A097363616E6628222564202564222C2026782C202679293B0D0A090D0A097A203D2078202B20793B0D0A090D0A097072696E746628222564222C207A293B0D0A0972657475726E20303B0D0A7D, '0', '2015-12-10 10:15:26', '0', '1', '1');
INSERT INTO `submission` VALUES ('32', '8', '8', '5', 0x23696E636C756465203C737464696F2E683E0D0A0D0A696E74206D61696E2829207B0D0A09696E7420782C20792C207A3B0D0A097363616E6628222564202564222C2026782C202679293B0D0A090D0A097A203D2078202A20793B0D0A090D0A097072696E746628222564222C207A293B0D0A0972657475726E20303B0D0A7D, '0', '2015-12-10 10:16:28', '0', '1', '2');
INSERT INTO `submission` VALUES ('33', '9', '8', '5', 0x23696E636C756465203C626974732F737464632B2B2E683E0D0A23646566696E65204D41584E2031303030300D0A0D0A23646566696E6520504920332E313431360D0A0D0A7573696E67206E616D657370616365207374643B0D0A0D0A696E74206D61696E2829207B0D0A0D0A09646F75626C6520723B0D0A097363616E662822256C66222C202672293B0D0A090D0A0972203D2072202A2072202A2050493B0D0A090D0A097072696E74662822252E326C66222C2072293B0D0A0D0A2020202072657475726E20303B0D0A7D, '0', '2015-12-10 10:17:01', '0', '5', '1');
INSERT INTO `submission` VALUES ('34', '9', '8', '5', 0x23696E636C756465203C626974732F737464632B2B2E683E0D0A23646566696E65204D41584E2031303030300D0A0D0A23646566696E6520504920332E313431360D0A0D0A7573696E67206E616D657370616365207374643B0D0A0D0A696E74206D61696E2829207B0D0A0D0A09646F75626C6520723B0D0A097363616E662822256C66222C202672293B0D0A090D0A0972203D2072202A2072202A2050493B0D0A090D0A097072696E74662822252E326C66222C2072293B0D0A0D0A2020202072657475726E20303B0D0A7D, '0', '2015-12-10 10:17:32', '0', '1', '2');
INSERT INTO `submission` VALUES ('35', '7', '9', '5', 0x23696E636C756465203C737464696F2E683E0D0A0D0A696E74206D61696E2829207B0D0A09696E7420782C20792C207A3B0D0A097363616E6628222564202564222C2026782C202679293B0D0A090D0A097A203D2078202B20793B0D0A090D0A097072696E7466282225642D68656C6C6F222C207A293B0D0A0972657475726E20303B0D0A7D, '0', '2015-12-10 11:20:56', '0', '2', '1');
INSERT INTO `submission` VALUES ('36', '7', '9', '5', 0x23696E636C756465203C737464696F2E683E0D0A0D0A696E74206D61696E2829207B0D0A09696E7420782C20792C207A3B0D0A097363616E6628222564202564222C2026782C202679293B0D0A090D0A097A203D2078202B20793B0D0A090D0A097072696E7466282225642D68656C6C6F222C207A293B0D0A0972657475726E20303B0D0A7D, '0', '2015-12-10 11:21:21', '0', '2', '1');
INSERT INTO `submission` VALUES ('37', '7', '9', '5', 0x23696E636C756465203C737464696F2E683E0D0A0D0A696E74206D61696E2829207B0D0A09696E7420782C20792C207A3B0D0A097363616E6628222564202564222C2026782C202679293B0D0A090D0A097A203D2078202B20793B0D0A090D0A097072696E7466282225642D68656C6C6F222C207A293B0D0A0972657475726E20303B0D0A7D, '0', '2015-12-10 11:21:47', '0', '2', '1');
INSERT INTO `submission` VALUES ('38', '8', '9', '5', 0x23696E636C756465203C737464696F2E683E0D0A0D0A696E74206D61696E2829207B0D0A09696E7420782C20792C207A3B0D0A097363616E6628222564202564222C2026782C202679293B0D0A090D0A097A203D2078202B20793B0D0A090D0A097072696E7466282225642D68656C6C6F222C207A293B0D0A0972657475726E20303B0D0A7D, '0', '2015-12-10 11:21:58', '0', '2', '1');
INSERT INTO `submission` VALUES ('39', '8', '9', '5', 0x23696E636C756465203C737464696F2E683E0D0A0D0A696E74206D61696E2829207B0D0A09696E7420782C20792C207A3B0D0A097363616E6628222564202564222C2026782C202679293B0D0A090D0A097A203D2078202B20793B0D0A090D0A097072696E7466282225642D68656C6C6F222C207A293B0D0A0972657475726E20303B0D0A7D, '0', '2015-12-10 11:22:06', '0', '2', '1');
INSERT INTO `submission` VALUES ('40', '7', '9', '5', 0x23696E636C756465203C737464696F2E683E0D0A0D0A696E74206D61696E2829207B0D0A09696E7420782C20792C207A3B0D0A097363616E6628222564202564222C2026782C202679293B0D0A090D0A097A203D2078202B20793B0D0A090D0A097072696E746628222564222C207A293B0D0A0972657475726E20303B0D0A7D, '0', '2015-12-10 11:23:33', '0', '1', '1');
INSERT INTO `submission` VALUES ('41', '9', '9', '5', 0x23696E636C756465203C626974732F737464632B2B2E683E0D0A23646566696E65204D41584E2031303030300D0A0D0A23646566696E6520504920332E313431360D0A0D0A7573696E67206E616D657370616365207374643B0D0A0D0A696E74206D61696E2829207B0D0A0D0A09646F75626C6520723B0D0A097363616E662822256C66222C202672293B0D0A090D0A0972203D2072202A2072202A2050493B0D0A090D0A097072696E74662822252E326C66222C2072293B0D0A0D0A2020202072657475726E20303B0D0A7D, '0', '2015-12-10 12:24:33', '0', '5', '1');
INSERT INTO `submission` VALUES ('42', '9', '9', '5', 0x23696E636C756465203C626974732F737464632B2B2E683E0D0A23646566696E65204D41584E2031303030300D0A0D0A23646566696E6520504920332E313431360D0A0D0A7573696E67206E616D657370616365207374643B0D0A0D0A696E74206D61696E2829207B0D0A0D0A09646F75626C6520723B0D0A097363616E662822256C66222C202672293B0D0A090D0A0972203D2072202A2072202A2050493B0D0A090D0A097072696E74662822252E326C66222C2072293B0D0A0D0A2020202072657475726E20303B0D0A7D, '0', '2015-12-10 12:24:58', '0', '1', '2');
INSERT INTO `submission` VALUES ('43', '7', '12', '5', 0x717765, '0', '2015-12-10 13:40:19', '0', '5', '1');
INSERT INTO `submission` VALUES ('44', '7', '12', '5', 0x23696E636C756465203C63737464696F3E0D0A0D0A696E74206D61696E28297B0D0A696E7420612C20623B0D0A7363616E6628222564202564222C26612C2662293B0D0A7072696E7466282225645C6E222C20612B62293B0D0A72657475726E20303B0D0A7D, '0', '2015-12-10 13:42:35', '0', '2', '2');
INSERT INTO `submission` VALUES ('45', '7', '12', '5', 0x23696E636C756465203C63737464696F3E0D0A0D0A696E74206D61696E28297B0D0A696E7420612C20623B0D0A7363616E6628222564202564222C26612C2662293B0D0A7072696E746628222564222C20612B62293B0D0A72657475726E20303B0D0A7D, '0', '2015-12-10 13:43:22', '0', '1', '2');
INSERT INTO `submission` VALUES ('46', '7', '13', '5', 0x23696E636C756465203C737464696F2E683E0D0A0D0A696E74206D61696E2829207B0D0A09696E7420782C20792C207A3B0D0A097363616E6628222564202564222C2026782C202679293B0D0A090D0A097A203D2078202B20793B0D0A090D0A097072696E7466282225642D68656C6C6F222C207A293B0D0A0972657475726E20303B0D0A7D, '0', '2015-12-10 19:05:14', '0', '2', '1');
INSERT INTO `submission` VALUES ('47', '7', '13', '5', 0x23696E636C756465203C737464696F2E683E0D0A0D0A696E74206D61696E2829207B0D0A09696E7420782C20792C207A3B0D0A097363616E6628222564202564222C2026782C202679293B0D0A090D0A097A203D2078202B20793B0D0A090D0A097072696E746628222564222C207A293B0D0A0972657475726E20303B0D0A7D, '0', '2015-12-10 19:05:35', '0', '1', '1');
INSERT INTO `submission` VALUES ('48', '9', '13', '5', 0x23696E636C756465203C626974732F737464632B2B2E683E0D0A23646566696E65204D41584E2031303030300D0A0D0A23646566696E6520504920332E313431360D0A0D0A7573696E67206E616D657370616365207374643B0D0A0D0A696E74206D61696E2829207B0D0A0D0A09646F75626C6520723B0D0A097363616E662822256C66222C202672293B0D0A090D0A0972203D2072202A2072202A2050493B0D0A090D0A097072696E74662822252E326C66222C2072293B0D0A0D0A2020202072657475726E20303B0D0A7D, '0', '2015-12-10 19:06:13', '0', '5', '1');
INSERT INTO `submission` VALUES ('49', '9', '13', '5', 0x23696E636C756465203C626974732F737464632B2B2E683E0D0A23646566696E65204D41584E2031303030300D0A0D0A23646566696E6520504920332E313431360D0A0D0A7573696E67206E616D657370616365207374643B0D0A0D0A696E74206D61696E2829207B0D0A0D0A09646F75626C6520723B0D0A097363616E662822256C66222C202672293B0D0A090D0A0972203D2072202A2072202A2050493B0D0A090D0A097072696E74662822252E326C66222C2072293B0D0A0D0A2020202072657475726E20303B0D0A7D, '0', '2015-12-10 19:07:12', '0', '1', '2');
INSERT INTO `submission` VALUES ('50', '9', '13', '5', 0x23696E636C756465203C626974732F737464632B2B2E683E0D0A23646566696E65204D41584E2031303030300D0A0D0A23646566696E6520504920332E313431360D0A0D0A7573696E67206E616D657370616365207374643B0D0A0D0A696E74206D61696E2829207B0D0A0D0A09646F75626C6520723B0D0A097363616E662822256C66222C202672293B0D0A090D0A0972203D2072202A2072202A2050493B0D0A090D0A097072696E74662822252E326C66222C2072293B0D0A0D0A2020202072657475726E20303B0D0A7D, '0', '2015-12-10 19:07:30', '0', '7', '2');
INSERT INTO `submission` VALUES ('51', '8', '13', '5', 0x23696E636C756465203C737464696F2E683E0D0A0D0A696E74206D61696E2829207B0D0A09696E7420782C20792C207A3B0D0A097363616E6628222564202564222C2026782C202679293B0D0A090D0A097A203D2078202A20793B0D0A090D0A097072696E7466282225642D68656C6C6F222C207A293B0D0A0972657475726E20303B0D0A7D, '0', '2015-12-10 19:10:59', '0', '2', '1');
INSERT INTO `submission` VALUES ('52', '8', '13', '5', 0x23696E636C756465203C737464696F2E683E0D0A0D0A696E74206D61696E2829207B0D0A09696E7420782C20792C207A3B0D0A097363616E6628222564202564222C2026782C202679293B0D0A090D0A097A203D2078202A20793B0D0A090D0A097072696E746628222564222C207A293B0D0A0972657475726E20303B0D0A7D, '0', '2015-12-10 19:11:52', '0', '1', '1');
INSERT INTO `submission` VALUES ('58', '1', '2', '2', 0x23696E636C756465203C737464696F2E683E0D0A0D0A696E74206D61696E2829207B0D0A696E7420782C20793B0D0A7363616E6628222564202564222C2026782C202679293B0D0A7072696E746628222564222C20782A79293B0D0A72657475726E20303B0D0A7D, '0', '2015-12-13 08:33:05', '0', '2', '1');
INSERT INTO `submission` VALUES ('59', '2', '2', '2', 0x68736466677364666764666773646667, '0', '2015-12-13 08:34:19', '0', '5', '1');
INSERT INTO `submission` VALUES ('60', '4', '2', '2', 0x23696E636C756465203C737464696F2E683E0D0A0D0A696E74206D61696E2829207B0D0A696E7420782C20793B0D0A7363616E6628222564202564222C2026782C202679293B0D0A7072696E746628222564222C20782A79293B0D0A72657475726E20303B0D0A7D, '0', '2015-12-13 08:34:39', '0', '2', '1');
INSERT INTO `submission` VALUES ('61', '7', '2', '2', 0x23696E636C756465203C737464696F2E683E0D0A0D0A696E74206D61696E2829207B0D0A696E7420782C20793B0D0A7363616E6628222564202564222C2026782C202679293B0D0A7072696E746628222564222C20782B79293B0D0A72657475726E20303B0D0A7D, '0', '2015-12-13 08:34:57', '0', '1', '1');
INSERT INTO `submission` VALUES ('62', '8', '2', '2', 0x23696E636C756465203C737464696F2E683E0D0A0D0A696E74206D61696E2829207B0D0A696E7420782C20793B0D0A7363616E6628222564202564222C2026782C202679293B0D0A7072696E746628222564222C20782B79293B0D0A72657475726E20303B0D0A7D, '0', '2015-12-13 08:35:16', '0', '2', '1');
INSERT INTO `submission` VALUES ('63', '8', '2', '2', 0x23696E636C756465203C737464696F2E683E0D0A0D0A696E74206D61696E2829207B0D0A696E7420782C20793B0D0A7363616E6628222564202564222C2026782C202679293B0D0A7072696E746628222564222C20782A79293B0D0A72657475726E20303B0D0A7D, '0', '2015-12-13 08:35:28', '0', '1', '1');
INSERT INTO `submission` VALUES ('64', '9', '2', '2', 0x23696E636C756465203C737464696F2E683E0D0A0D0A696E74206D61696E2829207B0D0A646F75626C6520723B0D0A7363616E662822256C66222C202672293B0D0A7072696E74662822252E326C66222C20332E31343136202A2072202A2072293B0D0A72657475726E20303B0D0A7D, '0', '2015-12-13 08:36:24', '0', '1', '1');
INSERT INTO `submission` VALUES ('65', '1', '2', '2', 0x23696E636C756465203C737464696F2E683E0D0A23646566696E65206C696D697420393939393939390D0A0D0A696E74206D61696E2829207B0D0A696E7420692C206A2C206B2C206C3B0D0A666F7228693D303B20693C6C696D69743B20692B2B290D0A666F72286A3D303B206A3C6C696D69743B206A2B2B290D0A666F72286B3D303B206B3E6C696D69743B206B2B2B290D0A6C203D20323B0D0A72657475726E20303B0D0A7D, '0', '2015-12-13 08:52:34', '0', '3', '1');
INSERT INTO `submission` VALUES ('66', '6', '2', '2', 0x23696E636C756465203C737464696F2E683E0D0A23646566696E65206C696D697420393939393939390D0A0D0A696E74206D61696E2829207B0D0A696E7420692C206A2C206B2C206C3B0D0A6C203D20323B0D0A72657475726E20313B0D0A7D, '0', '2015-12-13 08:53:33', '0', '4', '1');
INSERT INTO `submission` VALUES ('68', '7', '2', '5', 0x23696E636C756465203C737464696F2E683E0D0A0D0A696E74206D61696E2829207B0D0A696E7420782C20793B0D0A7363616E6628222564202564222C2026782C202679293B0D0A7072696E746628222564222C20782B79293B0D0A72657475726E20303B0D0A7D, '0', '2015-12-13 19:30:11', '0', '7', '1');
INSERT INTO `submission` VALUES ('70', '7', '10', '5', 0x23696E636C756465203C737464696F2E683E0D0A0D0A696E74206D61696E2829207B0D0A696E7420782C20793B0D0A7363616E6628222564202564222C2026782C202679293B0D0A7072696E746628222564222C20782A79293B0D0A72657475726E20303B0D0A7D, '0', '2015-12-13 19:33:53', '0', '2', '1');
INSERT INTO `submission` VALUES ('71', '7', '11', '5', 0x23696E636C756465203C737464696F2E683E0D0A0D0A696E74206D61696E2829207B0D0A696E7420782C20793B0D0A7363616E6628222564202564222C2026782C202679293B0D0A7072696E746628222564222C20782A79293B0D0A72657475726E20303B0D0A7D, '0', '2015-12-13 19:34:24', '0', '2', '1');

-- ----------------------------
-- Table structure for `user`
-- ----------------------------
DROP TABLE IF EXISTS `user`;
CREATE TABLE `user` (
  `user_id` int(10) unsigned NOT NULL AUTO_INCREMENT,
  `user_handle` varchar(255) COLLATE utf8_unicode_ci NOT NULL,
  `user_pass` varchar(255) COLLATE utf8_unicode_ci NOT NULL,
  `user_name` varchar(255) COLLATE utf8_unicode_ci NOT NULL,
  `user_email` varchar(255) COLLATE utf8_unicode_ci NOT NULL,
  `user_phone` varchar(30) COLLATE utf8_unicode_ci DEFAULT NULL,
  `user_type` tinyint(2) NOT NULL DEFAULT '0',
  `user_status` tinyint(2) unsigned NOT NULL DEFAULT '1',
  PRIMARY KEY (`user_id`,`user_handle`,`user_email`),
  KEY `user_id` (`user_id`)
) ENGINE=InnoDB AUTO_INCREMENT=14 DEFAULT CHARSET=utf8 COLLATE=utf8_unicode_ci;

-- ----------------------------
-- Records of user
-- ----------------------------
INSERT INTO `user` VALUES ('2', 'lights_on_me', '202cb962ac59075b964b07152d234b70', 'Muntasir Billah Munna', 'munna@sample.com', '2345678', '0', '1');
INSERT INTO `user` VALUES ('3', 'traveler.amit', '202cb962ac59075b964b07152d234b70', 'Ashraful Hoque Amit', 'amit@sample.com', '56803312', '0', '1');
INSERT INTO `user` VALUES ('6', 'alamin.opu10', '202cb962ac59075b964b07152d234b70', 'Md. Al-Amin Opu', 'sample@example.com', '456789', '0', '1');
INSERT INTO `user` VALUES ('7', 'fcoder', '202cb962ac59075b964b07152d234b70', 'Anwarul Azim', 'anwar@sample.com', '647849390', '0', '1');
INSERT INTO `user` VALUES ('8', 'gias.rubel', '202cb962ac59075b964b07152d234b70', 'Md. Gias Uddin', 'rubel@gias.com', '12345678', '0', '1');
INSERT INTO `user` VALUES ('9', 'test1', '202cb962ac59075b964b07152d234b70', 'Test User 1', 'sample@test1.com', '123456789', '0', '1');
INSERT INTO `user` VALUES ('10', 'test2', '202cb962ac59075b964b07152d234b70', 'Test User 2', 'sample@test2.com', '12345678', '0', '1');
INSERT INTO `user` VALUES ('11', 'test3', '202cb962ac59075b964b07152d234b70', 'Test User 3', 'sample@test3.com', '345678', '0', '1');
INSERT INTO `user` VALUES ('12', 'aniskhan001', '202cb962ac59075b964b07152d234b70', 'Anisuzzaman Khan', 'anis@sample.com', '345678', '0', '1');
INSERT INTO `user` VALUES ('13', 'aihimel', '202cb962ac59075b964b07152d234b70', 'Aftabul Islam Himel', 'himel@ai.com', '456789', '0', '1');

-- ----------------------------
-- Table structure for `user_cont_rel`
-- ----------------------------
DROP TABLE IF EXISTS `user_cont_rel`;
CREATE TABLE `user_cont_rel` (
  `user_cont_rel` int(11) unsigned NOT NULL AUTO_INCREMENT,
  `user_id` int(10) unsigned NOT NULL,
  `contest_id` int(10) unsigned NOT NULL,
  PRIMARY KEY (`user_cont_rel`),
  KEY `user_cont_user_FK1` (`user_id`),
  KEY `user_cont_cont_FK2` (`contest_id`),
  CONSTRAINT `user_cont_cont_FK2` FOREIGN KEY (`contest_id`) REFERENCES `contest` (`contest_id`) ON DELETE CASCADE ON UPDATE CASCADE,
  CONSTRAINT `user_cont_user_FK1` FOREIGN KEY (`user_id`) REFERENCES `user` (`user_id`) ON DELETE CASCADE ON UPDATE CASCADE
) ENGINE=InnoDB AUTO_INCREMENT=31 DEFAULT CHARSET=latin1;

-- ----------------------------
-- Records of user_cont_rel
-- ----------------------------
INSERT INTO `user_cont_rel` VALUES ('4', '2', '5');
INSERT INTO `user_cont_rel` VALUES ('5', '2', '7');
INSERT INTO `user_cont_rel` VALUES ('6', '3', '7');
INSERT INTO `user_cont_rel` VALUES ('7', '6', '7');
INSERT INTO `user_cont_rel` VALUES ('8', '7', '7');
INSERT INTO `user_cont_rel` VALUES ('9', '2', '2');
INSERT INTO `user_cont_rel` VALUES ('10', '2', '6');
INSERT INTO `user_cont_rel` VALUES ('12', '8', '7');
INSERT INTO `user_cont_rel` VALUES ('13', '8', '5');
INSERT INTO `user_cont_rel` VALUES ('14', '9', '5');
INSERT INTO `user_cont_rel` VALUES ('15', '10', '5');
INSERT INTO `user_cont_rel` VALUES ('16', '11', '5');
INSERT INTO `user_cont_rel` VALUES ('17', '9', '7');
INSERT INTO `user_cont_rel` VALUES ('18', '12', '7');
INSERT INTO `user_cont_rel` VALUES ('19', '12', '5');
INSERT INTO `user_cont_rel` VALUES ('20', '13', '5');
INSERT INTO `user_cont_rel` VALUES ('21', '13', '7');
INSERT INTO `user_cont_rel` VALUES ('22', '6', '2');
INSERT INTO `user_cont_rel` VALUES ('23', '7', '2');
INSERT INTO `user_cont_rel` VALUES ('24', '8', '2');
INSERT INTO `user_cont_rel` VALUES ('25', '10', '2');
INSERT INTO `user_cont_rel` VALUES ('26', '2', '8');
INSERT INTO `user_cont_rel` VALUES ('27', '6', '8');
INSERT INTO `user_cont_rel` VALUES ('28', '8', '8');
INSERT INTO `user_cont_rel` VALUES ('29', '9', '8');
INSERT INTO `user_cont_rel` VALUES ('30', '12', '8');

-- ----------------------------
-- View structure for `prob_for_display`
-- ----------------------------
DROP VIEW IF EXISTS `prob_for_display`;
CREATE ALGORITHM=UNDEFINED DEFINER=`root`@`localhost` SQL SECURITY DEFINER VIEW `prob_for_display` AS select `problem`.`problem_id` AS `problem_id`,`problem`.`problem_name` AS `problem_name`,`problem`.`problem_level` AS `problem_level`,`problem`.`problem_time_limit` AS `problem_time_limit`,`problem`.`problem_memory_limit` AS `problem_memory_limit`,`problem`.`problem_input_channel` AS `problem_input_channel`,`problem`.`problem_output_channel` AS `problem_output_channel`,`problem`.`problem_description` AS `problem_description`,`problem`.`problem_input` AS `problem_input`,`problem`.`problem_output` AS `problem_output`,`problem`.`problem_sample_input` AS `problem_sample_input`,`problem`.`problem_sample_output` AS `problem_sample_output`,`problem`.`problem_image` AS `problem_image`,`problem`.`problem_add_date` AS `problem_add_date`,`problem`.`problem_io_type` AS `problem_io_type`,`problem`.`problem_hint` AS `problem_hint`,`problem`.`problem_setter` AS `problem_setter`,`problem`.`problem_status` AS `problem_status`,`problem`.`problem_special_judge` AS `problem_special_judge` from `problem` ;
